Investor_ID,Name,Contact_Info,Client Since
1,Tabor Tunmore,ttunmore0@xinhuanet.com,2022-11-28
2,Selby Koles,skoles1@marriott.com,2024-11-29
3,Denver Sille,dsille2@squidoo.com,2024-02-04
4,Vita McMurty,vmcmurty3@vimeo.com,2023-03-20
5,Anallise Birdwhistle,abirdwhistle4@mac.com,2022-12-16
6,Nada Nayshe,nnayshe5@dagondesign.com,2021-06-29
7,Massimo Lucey,mlucey6@booking.com,2020-11-22
8,Faustine Chisnell,fchisnell7@tuttocitta.it,2021-11-11
9,Jinny Judge,jjudge8@themeforest.net,2024-09-22
10,Pasquale Cawt,pcawt9@booking.com,2020-08-09
11,Dan Burchfield,dburchfielda@skyrock.com,2022-05-02
12,Alie Bevar,abevarb@google.pl,2023-06-08
13,Justis Maymand,jmaymandc@hao123.com,2023-09-23
14,Enoch Hicklingbottom,ehicklingbottomd@marriott.com,2022-06-05
15,Vernen Nitto,vnittoe@cargocollective.com,2023-04-10
16,Montgomery Berthot,mberthotf@usnews.com,2020-08-07
17,Wylie Klambt,wklambtg@sitemeter.com,2024-06-20
18,Jerrold Cope,jcopeh@newsvine.com,2024-06-05
19,Dietrich Spurret,dspurreti@1688.com,2024-07-19
20,Charissa Roof,croofj@si.edu,2024-07-30
21,Welby Gatlin,wgatlink@trellian.com,2022-09-25
22,Jerad Stratiff,jstratiffl@linkedin.com,2021-11-12
23,Elden Delea,edeleam@histats.com,2024-10-12
24,Emelyne Lomis,elomisn@businessinsider.com,2021-10-23
25,Constancia Delacour,cdelacouro@usatoday.com,2024-05-08
26,Terence Gierck,tgierckp@blog.com,2021-12-06
27,Leodora Kippin,lkippinq@ed.gov,2024-06-02
28,Theodora Warton,twartonr@vinaora.com,2020-11-12
29,Winni Blondin,wblondins@elegantthemes.com,2020-12-25
30,Sonny Kinnett,skinnettt@uiuc.edu,2021-07-28
31,Ronald Buscher,rbuscheru@opensource.org,2024-02-13
32,Moll Bru,mbruv@rambler.ru,2020-12-18
33,Rosco Medler,rmedlerw@japanpost.jp,2023-09-03
34,Lynn Vance,lvancex@free.fr,2022-02-07
35,Urbano Lambden,ulambdeny@newyorker.com,2023-03-23
36,Midge Simchenko,msimchenkoz@arstechnica.com,2020-04-20
37,De Dunbleton,ddunbleton10@1und1.de,2022-02-21
38,Marylee Huckabe,mhuckabe11@homestead.com,2024-06-17
39,Elroy Probey,eprobey12@time.com,2022-08-18
40,Emmeline Blaszkiewicz,eblaszkiewicz13@walmart.com,2021-07-04
41,Kerby Scattergood,kscattergood14@si.edu,2020-02-24
42,Ivor Tingcomb,itingcomb15@bloomberg.com,2020-05-07
43,Sisely Jzhakov,sjzhakov16@techcrunch.com,2023-05-26
44,Deva Osmon,dosmon17@ow.ly,2021-12-22
45,Avram Sutliff,asutliff18@timesonline.co.uk,2023-10-30
46,Etan Painswick,epainswick19@wikimedia.org,2022-07-03
47,Binnie Lamps,blamps1a@huffingtonpost.com,2020-06-14
48,Nonna Seldon,nseldon1b@toplist.cz,2021-11-08
49,Frayda McClure,fmcclure1c@reverbnation.com,2020-01-14
50,Lamont Bernholt,lbernholt1d@mail.ru,2024-09-21
